IRON IV,IRON III,IRON II,IRON I,BRONZE IV,BRONZE III,BRONZE II,BRONZE I,SILVER IV,SILVER III,SILVER II,SILVER I,GOLD IV,GOLD III,GOLD II,GOLD I,PLATINUM IV,PLATINUM III,PLATINUM II,PLATINUM I,EMERALD IV,EMERALD III,EMERALD II,EMERALD I,DIAMOND IV,DIAMOND III,DIAMOND II,DIAMOND I,MASTER I,GRANDMASTER I,CHALLENGER I
rhadoo,Soggywaffles196,nairb82,OneRiserSlip,A Bronze Klug,Rentedcoffee8,MattRock314,Ajapril34487,DivineRune,Starlight03,xSlayer442x,King Dill,DUBW1Z,MoonMorrigan,Âxêl,aquaticruin,zared123,Ted Cundy,p8107,Sidesteper,lIIllIlIIlIllIIl,sneakypatty,Eonirs,Shirøyasha,Broken Feng,La1n,THICCDUMPER,rovref,Kaleos,ScaryJerry,jin tui wei gu
BlùMew,togaparty1,PastelStorms,OneLazyDaoist,Snappington,Ultrachampion02,DioBrando57,Zeqhyrs,EPICGAMER429,Masön,OhSoCLean,DonaldI2I,Wyätt,NYC Kevin888,T1NG light,Kahloon,I decide not you,smegma steve,Têddy,MooMooMilk69,Penguinlords,YOUR PAPA CHOW,haramslayerr,No Name PLS,PMA JG,Btown TOP,SylphieRoxyEris,Warbil Fan,,,
3nderrr,SeriousVirgo,TheBeachedHippo,NichoBack,K3nnyG,Curiyy,cashen95,Spandex,BamBam124684,MagikCungFu,Darkfrost1415,Silv3rfruit,ALEXMASTER101010,Alainxz,Dreamer35,shinylyte,Aestra,Powerful Dragon2,StinkyBallz,RainbowThunder7,Ancâlagon,Team Player Ted,Vmikael,ImDrippy,DmnSword,TaxEvader33,Mimick,Pika1106,,,
Sleepy Ned,Marraxus101,Android Apollo,CACA MONSTER,mystıc,BangTuEsMort,bigddom21,Into the Spiral,TentacleQueenie,boythekiller102,Aksyel,ItsMeLuigi69,Jhamburgr Jheþer,TheTopFather,Disttance,Toùch My Lantern,timein8tor,easy path,ShadowRaids27,SgSgamer1,Synpai,TAO BAN AD M IM,RuneScape Lucky,Makrae,OceanGate FFed,Hòrse,O1de Town,,,,
Zulu42069,Noxian Assault,ripemNleavethem,AxelHazaki,Ziphor1476,songcraft,N0ctis97,Twïn,Therak1,Trichiosoma,SacredOaf,AlanButUnhinged,Tinmonkey1,KrumpuSChisG,VIETNAMGAMER,ASALAD2,JL Payn,abedejong52,SirMRC,slrpp,SpoopyChina,serfmirage,Shimadacat,chang yuanying,Moonchaa,Jasondingduong,RagingRookie5757,,,,
Black phoenixX13,IDontNoWatIDoing,DariusQuinn,Tylina916,Kostolom,bryckzzz,GGfrens,Malgoros12,ZanerosGCM,IzayBoiZay,Cyclopian,Fairladyz333,DaddyLD,weesee5,Alluré,FRIEDCHICKENKING,GBRosee,IntingAutofill,Ąsuka,maroplyer,Xeraths Scripts,zbenja168,DARKPEKPEKLOVER,EnemyBrawler,penguinszero,RLAero,,,,,
Techtronics,GoGurtYogurt,4drunkhookers,je210,naluart,SaguinusImperato,SentientGenesis,shadowxyoshi,Granfatha,Rallane,TheGreenBeans,NomnomSnek,Shr00udy,toplaneendgame,Dusty72,LossGun,evasivee,the loach,AaPpLe6,CrabbyGod,Mickey99876,TRUMPLOVESLGBTQ,Linsanit,Kryecho,Ewok Fornicator,LoganZ2,,,,,
MrCoachR,TyeHarb,MDBacon,BrokenXuan,LuckyChewch,DayMan159,boochiie,IsThatMud,WinterQueen106,Turbøø,Abysmal Wendigo,Mrpoka1,GankByJoeMama,Thicbacon,HHSCobalt,tkdubs15,Catfloo,LilRob Miss her,DUALGREATSWORD,Winter Kitsune,DWU1,kang haerins,whfmrhs,HAIL AND KILL,PakuXero,DoggoTheGabe,,,,,
Hello12xd,erinatx,UdyrInABush,OSVanH,Litebluwulf,Birdsaretoxic2,Buckshot Stanley,Linkace1,LoLGetRektSon13,nanikitty,Polarean,FreedomLunch,Lean Beef,EDO ONE,Kharon IV,Myrmidon71,GalaxyBandit19,fireninja0,1nsightfu1,ShatteredAxe,AceFighter101,ZGGDZJJim,swobblee,Evełynn Bot,beyond inting,,,,,,
KingBlitz1,Outlawkids,,SC00TYPUFFSR,0CaralhoVoador0,lilscruffy JC,CNxDragon,Trimthump,NomadicOG,Ukimbat,Patronice,Punch Nazís,TimelessDbz,fril,Zoínks,BlooodyAlex33,VuseOriginal,BoxofShac0lates,mlgdoge131,Subhuman Sarili,bokuto62,martin mystere,PTG Valkyrie,,GarryDokenhimer,,,,,,
Dschungelkonig,WHITEDEAD897,,StinkyDemon,SwagMastahhh,ReUltraman,TH3R34LD1RTYD4N,Shortppl4life,Fine Whines,IGiotto,BabySharks,Soulwrench,SwaggyLee,iiiTsuuKasaiii,denzb13,Ratul,TRŸNDÅMÊRÉ,student pilot2,SV Numbz,Garfields belly,bunkybouncebrude,Zombro,UXwxJeguBM0ILeuw,,Kilicuary,,,,,,
Chinotchi,mogamunzeya,,unstablegg,MrDannyloco,BozoBowser,Gauldun,Baowow50,,Int4DarkHarvest,Kyrodu,Poen,PaiDuSeuBebe,OOOOO000000F,ICURRENTI,Casa Ole,Kurtidabs,obsessıve,ESTROGEN ABUSER,heaIpIz,Lauru,Waltzy21,Xetvan,,PeriwinkleStar,,,,,,
Athena1506,AngelofRath,,DjDude02,KahunaKy,SmoothFox,raskaal,Imgonnakms00,IamSquiddly,TheGundy,AJ Hammada,Abduskii,DamonSaIvatore,BasicallyAfrican,tall coque guy,Eli Time,HTTP 418,Omarbakkour2001,Jæger2,ExpertoDan,To Teemo Or Not,Argun0,SpyderMillipede,,SPOOKY HORSE,,,,,,
Torthicc,loggiicc,,TheDivineCandy,Monarch907,OH NO A ZED,PCRIII,honestlykimchi,ghizzle94,Gøjo,JIZMOD XVII,Xeno404,JustAsianMatt,iplayadc13,NotRashaad,Zireael,TheyCallMeClork,ItsAMagikarp,DarkTrist3m,PinkGaSX,PokerAddict,c plus girl,JaysTilted,,DeadSpartn,,,,,,
Valkiriel,EmSeaSquared513,,Pieco,NotDaVinci,eggeroni,Kenpachi728,LittleArcticFox,KUNNINJA,Etrii,LilD1cckgirl,Hanthree,max pan,CF Gauss,Riseling,vjdm,XayahˆCat,Nanjing DuckKing,UselessPoison,Im Mordekaiser,Jahnster,Uzi Prodigy,wïnter is coming,,Jundal,,,,,,
rydervader,peterweller1,,Ehecatl338,Tactic2Seven,pheonixlightning,GrindrsNightmare,Ch1pSky1ark,Jiruo,smiled1k,Vaibhav Patel,airpath,rawrzard21,MgnesiumChloride,Elevven,cuddlebear9000,himilp1,Poppytoad7,LazerChickenn,Rakakakakakan,Aaronuhh,4NZX,JhussyJhuice,,skdaniel2k,,,,,,
oOPrymrybOo,ziggydogwoofwoof,,PROGECTK2,NotDoot,gerg14,will23333,SN0Wowl,Chraso58,mysteryguy123,SnowyLoL,lemurpelt,flown the sun,yeobosaeyo,m14sniper66,Smokin Poop,BadfBoyfriend,just soo soo,Flanet,T1 Keria fangirl,ORAGATUN,rishtarn,,,,,,,,,
Don Rocan,,,Mrden98,Leaf Erikson,please,Yebii,1XXXICHIBAN1,IKillYouFirst,Addicked,Berseerk,lisette,tripleS Xinyu,SmegmaGame2strng,Tenkaen,BenDover6911,LambPilafBowl,You are DumbDog,OG Dummkopf,thinshin123,PleaseRemainCaIm,Metadaptor,,,,,,,,,
BrianTheMadMan,,,MurphsGh0st,SCORPS20,Baaju,beefmouzer,AndImwack,PandaCorn151,Mecha Babel Mk 2,IMdida,ßilllerina,Im sane again,backspace707,MonkeyBrians,ILLUSEEN,Nîl,bagelcreator,HYL4,adriyun,NutterButtre,KykyDoYouLoveMe,,,,,,,,,
kiss the ring,,,Spank me Pitou,Triidxnt,Endless Avocados,pink garden,Jarcrow,Neo DOOM,xdmerc,A Red Widow,I Like Your Body,Cbossc123,Zndrsplt,SleeepyStar,csx11,AcooZi,Slzzpless,KatarinaCitcat,NeopoIitan,Dezú,GOAT GREATEST,,,,,,,,,
SSS Sin Keku,,,buoygenius,Air Jinx,that1girl18,EazyCG,kb5i7017,Slothii,Karalulu,rexho trex,GM JunSik,BabyCakey,GhostlyV,HaoleNetwork,7890,Zané,Ashamed,rWa,ARamenBowl,healthy juice,Khail,,,,,,,,,
RHarris32,,,,Swordwolf9,MoonGoddessXIV,Colachopa,Bias Hopeworld,Shącó,foxarius,Valkyriin,Angel is Fat,SKTom,UnicornNinja exe,RATGIRŁ,Justinscake,I DIE YOU LOSE,Sleiii,Sauced Up Kebab,Rammuel,Moist Swiss,poro mate,,,,,,,,,
FreshyBoy24,,,Brette57,JoEGrAhZ,pellmonster,Snail Lover,Chasin Tail,First rat,salmonmusic,Jªkë,TonyySuckz,Cat Stealer,Spyiek,Our Marks,TheBigKahunaaa,Kabul Airport,El Rikimaru,DecayingBoot,rockelle,lil gucci  hanni,,,,,,,,,,
,,,,StopRagingg,iplayleague3,Moist For Darius,odinsfantasy,PandaUppercut,Seaminaj,shapa342,SaUcESS,GORBORELEN,One Thicc,0ZzZ0,wontonsoup0456,Sirwhip,Wenwen56,Ahfa,VKaiser,suchham,,,,,,,,,,
,,,,AstralFurry,Vitdarr,VelociRaptor1234,4GOOD0NO,TRAPPYJ,Greymïst,Pinehapple,Zezima,hwajangsil,WaIuigi Judah,krevenixa,DingggooJR,Dfjuvl,Buntou,INTING IVAN,,ceveN,,,,,,,,,,
,,,,GENERALCHICKEN21,theJGrimm,MemeGod26,Voltspyke,lolmasterssun,Hikari549,Unfortunate4uall,tandythemandy,TeamShortBus,AftërLyfë,Alpha0,Lính,IBLUECARDMXLFS,StreamFunk,VisualLearner,,AntiHamLonism,,,,,,,,,,
,,,,ColeTrain1269,voidshell16,FS Huntzie,Pr0ph3ts1,VaIentin,Emperor FUF,Antispawnz,Pimp Kakashi,Nhocdevil,RyZe Depolox,DontTypeDontCare,rell jg,AZLEUN,petitmulet,Knoxicc,,Iucanity,,,,,,,,,,
,,,,x Perseus Veil x,Zeppilozt,MasianNation,BR0FISH,Hellcat,Reity Eleven,PenguinPlaya6,,Joecrazy117,Jasvic,lowercase three,R1ukLord,KaiJhin,saffron roses,dingle789,,BDaBig,,,,,,,,,,
,,,,RunningMaroon,texastrev24,Otouto,,just mii,1n23rt,Chadivito,,reclusivehuman,Makisu,iwasamistake02,Tetsuki5603,yokedasmoke,jamm3y,chrismnz,,Bandle Hero,,,,,,,,,,
,,,,Comet52,Kyrieeee,BoopinBats,,AkwardDoggo,Dravens Són,A Daedric Prince,,Votedemocrat2024,Pidgenn,BellTheSquid,Zensiddy,ayo relax,CHR0ME HEARTS,MonstroKid13,,draii Vlone,,,,,,,,,,
,,,,ummmdotdotdot,DemonLordMicah,TheChihuahua,,TSW Lucid,HikariMitsu,hanamiYO,,Meerkat5572,0rmonix,Denise Buddy,skełeton,McDondalds,Cinono,Fed Feeder,,Rework Volibear,,,,,,,,,,
,,,,MrChrister,Catriarchy,lilhugo,,Necrobeliac,Autumngales,ßløød ØverLørd,,Enoms,Samureiii,Antìdote,,InnerWar,ETSETSETS,funktasty0,,svenskeren dive,,,,,,,,,,
,,,,planetchancho,VIP KO,MnS DracerRen,,KhadaPostman,1AbraTeleported1,Liontale,,BLKLAN,gweiloinvader,drfunTiMeZ,,1 800 Mattress,hot demon mommy,,,Ssunj,,,,,,,,,,
,,,,Torched You,Gyufluffypanda,Senor Dibbles,,HypnoticAngel,Poppy Chúlo,,,insane dream,Xymph,GAGESTR,,Vastaya IRL,MacabreMars5317,,,epsum,,,,,,,,,,
,,,,Shiberg,DontPeeInTheWind,AwwYeahRawnie,,Yoshii,TheQueensSancho,,,Ùsl,Greenhawks45,Roshu,,I will afk,Txddeh,,,JimmyRusslesSr,,,,,,,,,,
,,,,Stoic Rage,Kareen23,,,AKA Giant Dog,Ieinad,,,OoshJoosh,Snow Rising,LKGN juceppe,,IAMYOURWILDDAD,Yatara,,,Aproprtymanager,,,,,,,,,,
,,,,DeluxeAir,,,,DaJuicyNugget,,,,MR Snows Ghost,Frylock,ShnozTrocity,,yoyofryyo,BDMarky,,,Teasday,,,,,,,,,,
,,,,mahss,,,,N1gChamp79,,,,Lan0,,,,W h e e Z e e Y,,,,Warrior Doggo,,,,,,,,,,
,,,,Hgrizz111,,,,Kelitar,,,,Yuhangism,,,,Zhe ba you shen,,,,saucebrother,,,,,,,,,,
,,,,redowl11376,,,,xOxFuriousxOx,,,,Lordstark696,,,,ABugsLife9865,,,,Katakurï,,,,,,,,,,
,,,,GodKing Od1n,,,,margonautica,,,,wuzzup47,,,,ClovesofClives,,,,WonderfulTonight,,,,,,,,,,
,,,,,,,,DragonZenith,,,,IcedPaper,,,,zalmon,,,,binette,,,,,,,,,,
,,,,,,,,hughhefnerr,,,,dujikbabistumbir,,,,mangoees,,,,illBeAtBlueBuff,,,,,,,,,,
,,,,,,,,Ugoomi,,,,Deesilsnarf,,,,H4rd No TiLLT,,,,neap,,,,,,,,,,
,,,,,,,,,,,,DerrangedDad,,,,Dodger0,,,,Frank Horrigan,,,,,,,,,,
,,,,,,,,,,,,Santatsu,,,,Bissmo,,,,Kosen,,,,,,,,,,
,,,,,,,,,,,,Why My Supp Suck,,,,Komfort King,,,,,,,,,,,,,,
,,,,,,,,,,,,Henehoe,,,,kitten w bpd,,,,,,,,,,,,,,
,,,,,,,,,,,,Strehlow,,,,DHL63,,,,,,,,,,,,,,
,,,,,,,,,,,,Chunchunmaru2099,,,,ClearlyFakeNews,,,,,,,,,,,,,,
